<?xml version="1.0" encoding="UTF-8"?>
<project-private xmlns="http://www.netbeans.org/ns/project-private/1">
    <editor-bookmarks xmlns="http://www.netbeans.org/ns/editor-bookmarks/2" lastBookmarkId="0"/>
    <open-files xmlns="http://www.netbeans.org/ns/projectui-open-files/2">
        <group>
            <file>file:/C:/xampp/htdocs/snake/public_html/hard.html</file>
            <file>file:/C:/xampp/htdocs/snake/public_html/js/hard.js</file>
            <file>file:/C:/xampp/htdocs/snake/public_html/css/style.css</file>
            <file>file:/C:/xampp/htdocs/snake/public_html/index-.html</file>
            <file>file:/C:/xampp/htdocs/snake/public_html/medium.html</file>
            <file>file:/C:/xampp/htdocs/snake/public_html/js/snake.js</file>
            <file>file:/C:/xampp/htdocs/snake/public_html/js/medium.js</file>
            <file>file:/C:/xampp/htdocs/snake/public_html/snake2.html</file>
        </group>
    </open-files>
</project-private>
